currency,symbol,assumed_base_spread_pips,assumed_base_slippage_pips,commission_usd_per_lot_per_side,assumption_basis
AUD,AUDUSD,0.2,0.1,3.5,MANUAL_SIMULATION_NOT_ACCOUNT_OBSERVATION
CAD,USDCAD,0.3,0.1,3.5,MANUAL_SIMULATION_NOT_ACCOUNT_OBSERVATION
CHF,USDCHF,0.3,0.1,3.5,MANUAL_SIMULATION_NOT_ACCOUNT_OBSERVATION
EUR,EURUSD,0.1,0.1,3.5,MANUAL_SIMULATION_NOT_ACCOUNT_OBSERVATION
GBP,GBPUSD,0.2,0.15,3.5,MANUAL_SIMULATION_NOT_ACCOUNT_OBSERVATION
JPY,USDJPY,0.2,0.1,3.5,MANUAL_SIMULATION_NOT_ACCOUNT_OBSERVATION
NOK,USDNOK,12.0,2.0,3.5,MANUAL_SIMULATION_NOT_ACCOUNT_OBSERVATION
NZD,NZDUSD,0.4,0.15,3.5,MANUAL_SIMULATION_NOT_ACCOUNT_OBSERVATION
SEK,USDSEK,12.0,2.0,3.5,MANUAL_SIMULATION_NOT_ACCOUNT_OBSERVATION
